Comment,Footprint,LCSC Part #,Designator

"1.0 kO","0805_R","C17513","R6, R10"
"1N4148WS-7-F","SOD-323","C60580","D7, Drv"
"1N5819WS","SOD-323_Cap","C191023","D8"
"2 kO","0805_R","C17604","R3, R12, R13, R14, R15, R16, R17"
"3.3 kO","0805_R","C26010","RLB1, RLB2, RLD1, RLD2, RLD3, RLD4, RLD5, RLD6, RLD7, RLD8"
"3.9 kO","0805_R","C17614","RLN1, RLN2, RLN3, RLN4, RLN5, RLN6, RLN7, RLN8, RLP1, RLP2, RLP3, RLP4, RLP5, RLP6, RLP7, RLP8, RLP9, RLP10, RLP11, RLP12"
"6.8 kO","0805_R","C17772","R9"
"10.0 �F","1206_Capacitor","C13585","C1, C2, C3, C4, C5, C6, C7, C8, C9, C10, C11, C12, C13, C14, C31"
"10.0 kO","0805_R","C17414","R2, R7, R11"
"16 MHz","PCB-73bh49k2ct94buydgloj-1","C13738","Y1"
"22.0 pF","INDC1608X09M","C1653","C25, C26"
"22.0 O","0805_R","C17561","R8"
"22uH","Sumida CD54","C2826664","L2"
"25v 100uF","7343_Cap","C696814","CPP1, CPP2, CPP3, CPP4"
"47.0 �F","1206_Capacitor","C96123","C16, C17, C18, C19, C20, C23, C24, C27, C28"
"52.3 kO","0805_R","C2078257","R1, R4"
"100 nF","0805_Cap","C28233","C15, C29, C30"
"100nF","INDC1608X09M","C14663","C21, C22"
"120.0 O","1206_Resistor","C17909","R5"
"470 uH","8040_Inductor","C168150","L1"
"470.0 O","0805_R","C17710","R18, R19"
"ATmega128-16AU","64A_M","C6510","U1"
"Blue","0805_Led","C497943","LN1, LN2, LN3, LN4, LN5, LN6, LN7, LN8"
"Diodes Inc DMMT5401-7-F","DIOD-SOT-26-6_M","C154733","Q2"
"DMMT5551-7-F","DIOD-SOT-26-6_M","C445514","Q3"
"JST SM04B-SRSS-TB(LF)(SN)","JST SM04B-SRSS-TB","C160404","SUSI"
"JST SM06B-SRSS-TB(LF)(SN)","JST SM06B-SRSS-TB","C160405","ISP"
"MCP16331T-E/CH","SOT-23-6","C105695","IC1"
"MDD SS210","DO-214AC","C14996","D1, D2, D3, D4, D5, D6"
"MMBT5551LT1G","ONSC-SOT-23-3-318-08_V","C41095","Q1, Q4, Q5, Q6, Q7, Q8, Q9"
"PluX22 Connector","PluX22 Female Bottom","C22067139","PluX22"
"White","0805_Led","C497944","LB1, LB2, LD1, LD2, LD3, LD4, LD5, LD6, LD7, LD8, LP1, LP2, LP3, LP4, LP5, LP6, LP7, LP8, LP9, LP10, LP11, LP12"
