Altium Designer Pick and Place Locations
C:\Users\The_F\AppData\Local\TempReleases\Snapshot\1\Assembly\Pick Place\Pick Place for ACME_GC_Compartments.csv

========================================================================================================================
File Design Information:

Date:       24/08/25
Time:       13:25
Revision:   Not in VersionControl
Variant:    No variations
Units used: mm

"Designator","Layer","Center-X(mm)","Center-Y(mm)","Rotation"
"R3","TopLayer","189,0000mm","14,5000mm","90"
"D8","TopLayer","189,0000mm","9,6000mm","270"
"L1","TopLayer","239,5000mm","10,5000mm","90"
"D5","TopLayer","254,5000mm","12,0000mm","270"
"D4","TopLayer","262,0000mm","8,5000mm","90"
"D3","TopLayer","258,5000mm","8,5000mm","270"
"D2","TopLayer","262,0000mm","15,5000mm","270"
"D1","TopLayer","258,5000mm","15,5000mm","90"
"C6","TopLayer","248,5000mm","2,9000mm","180"
"C5","TopLayer","248,5000mm","5,5000mm","180"
"C4","TopLayer","248,5000mm","8,1000mm","180"
"C3","TopLayer","248,5000mm","10,7000mm","180"
"C2","TopLayer","248,5000mm","13,3000mm","180"
"C1","TopLayer","248,5000mm","15,9000mm","180"
"C18","BottomLayer","205,0000mm","13,4000mm","0"
"C14","BottomLayer","222,0000mm","10,6000mm","0"
"C13","BottomLayer","222,0000mm","13,4000mm","0"
"C19","BottomLayer","205,0000mm","10,6000mm","0"
"C11","TopLayer","222,0000mm","8,2000mm","180"
"C8","TopLayer","222,0000mm","15,8000mm","180"
"C9","TopLayer","222,0000mm","13,3000mm","180"
"C10","TopLayer","222,0000mm","10,7000mm","180"
"C12","TopLayer","222,0000mm","5,7000mm","180"
"C7","TopLayer","222,0000mm","18,4000mm","180"
"L2","TopLayer","209,5000mm","12,0000mm","180"
"R1","TopLayer","207,0000mm","7,0000mm","180"
"D7","TopLayer","212,5000mm","7,0000mm","180"
"C15","TopLayer","216,5124mm","16,0000mm","180"
"C16","TopLayer","203,5000mm","15,0000mm","270"
"C17","TopLayer","203,5000mm","9,0000mm","90"
"D6","TopLayer","210,5000mm","17,0000mm","180"
"R2","TopLayer","216,5000mm","9,0000mm","180"
"IC1","TopLayer","216,5000mm","12,0000mm","180"
"Drv","TopLayer","204,0000mm","19,8000mm","180"
"PluX22","BottomLayer","37,0000mm","11,8000mm","270"
"Y1","TopLayer","158,5000mm","6,5500mm","270"
"C25","TopLayer","158,5000mm","9,6000mm","180"
"C26","TopLayer","158,5000mm","3,5000mm","0"
"C31","TopLayer","82,0000mm","18,5000mm","180"
"C24","TopLayer","134,0000mm","22,0000mm","180"
"R7","TopLayer","174,0000mm","21,0000mm","180"
"C20","TopLayer","174,0000mm","18,5000mm","0"
"C23","TopLayer","153,0000mm","2,0000mm","0"
"C21","TopLayer","148,5000mm","3,0000mm","225"
"C28","BottomLayer","285,0000mm","12,0000mm","270"
"C27","BottomLayer","2,0000mm","12,0000mm","270"
"C30","TopLayer","275,5000mm","12,0124mm","270"
"C29","TopLayer","10,9000mm","11,9876mm","90"
"R18","TopLayer","75,5000mm","10,5000mm","0"
"R19","TopLayer","75,5000mm","13,5000mm","0"
"SUSI","TopLayer","81,5750mm","12,0000mm","90"
"ISP","TopLayer","124,7000mm","12,0000mm","270"
"U1","TopLayer","143,5000mm","12,0000mm","315"
"R11","TopLayer","124,5000mm","3,0000mm","180"
"R10","TopLayer","124,5000mm","5,5000mm","0"
"C22","TopLayer","139,0000mm","21,5000mm","45"
"R9","TopLayer","174,0000mm","8,0000mm","0"
"R8","TopLayer","174,0000mm","16,0000mm","0"
"Q3","TopLayer","174,0000mm","4,0000mm","0"
"Q2","TopLayer","174,0000mm","12,0000mm","270"
"CPP4","TopLayer","196,0000mm","19,5000mm","180"
"CPP3","TopLayer","196,0000mm","14,5000mm","180"
"CPP2","TopLayer","196,0000mm","9,5000mm","180"
"CPP1","TopLayer","196,0000mm","4,5000mm","180"
"R4","TopLayer","229,5000mm","8,5000mm","0"
"Q1","TopLayer","228,0000mm","12,5000mm","90"
"R5","TopLayer","232,5000mm","12,5000mm","90"
"R6","TopLayer","228,0000mm","15,5000mm","0"
"RLP11","BottomLayer","270,7000mm","22,2000mm","0"
"LP11","BottomLayer","263,7000mm","22,2000mm","0"
"LP2","BottomLayer","23,3000mm","22,2000mm","180"
"RLP2","BottomLayer","16,6000mm","22,2000mm","180"
"LB1","BottomLayer","23,3000mm","1,0000mm","180"
"Q7","BottomLayer","236,5000mm","22,2000mm","0"
"R15","BottomLayer","230,5000mm","22,5000mm","180"
"LP10","BottomLayer","240,8000mm","22,2000mm","0"
"RLP10","BottomLayer","247,8000mm","22,2000mm","0"
"LP9","BottomLayer","213,1000mm","22,2000mm","0"
"RLP9","BottomLayer","220,1000mm","22,2000mm","0"
"LP8","BottomLayer","185,2000mm","22,2000mm","0"
"RLP8","BottomLayer","192,2000mm","22,2000mm","0"
"LP6","BottomLayer","129,6000mm","22,2000mm","180"
"Q5","BottomLayer","134,0000mm","22,2000mm","180"
"R13","BottomLayer","140,0000mm","22,5000mm","0"
"RLP6","BottomLayer","122,9000mm","22,2000mm","180"
"LP5","BottomLayer","101,8000mm","22,2000mm","180"
"RLP5","BottomLayer","95,1000mm","22,2000mm","180"
"RLP4","BottomLayer","67,3000mm","22,2000mm","180"
"RLP12","BottomLayer","279,5000mm","12,0000mm","90"
"RLP7","BottomLayer","164,4000mm","22,2000mm","0"
"RLP3","BottomLayer","39,5000mm","22,2000mm","180"
"RLP1","BottomLayer","7,5000mm","12,0000mm","90"
"RLB2","BottomLayer","263,7000mm","3,0000mm","180"
"RLB1","BottomLayer","23,3000mm","3,0000mm","0"
"R14","BottomLayer","147,0000mm","22,5000mm","180"
"R17","BottomLayer","275,0000mm","8,5000mm","0"
"R12","BottomLayer","56,5000mm","22,5000mm","0"
"R16","BottomLayer","12,0000mm","8,5000mm","180"
"Q6","BottomLayer","153,0000mm","22,2000mm","0"
"Q9","BottomLayer","275,0000mm","12,0000mm","0"
"Q4","BottomLayer","50,5000mm","22,2000mm","180"
"Q8","BottomLayer","12,0000mm","12,0000mm","0"
"LP12","BottomLayer","282,0000mm","12,0000mm","90"
"LP7","BottomLayer","157,4000mm","22,2000mm","0"
"LP4","BottomLayer","74,0000mm","22,2000mm","180"
"LP3","BottomLayer","46,2000mm","22,2000mm","180"
"LP1","BottomLayer","5,0000mm","12,0000mm","90"
"LB2","BottomLayer","263,7000mm","1,0000mm","0"
"RLN8","BottomLayer","240,8000mm","10,9000mm","180"
"RLN7","BottomLayer","213,0000mm","10,9000mm","180"
"RLN6","BottomLayer","185,2000mm","10,9000mm","180"
"RLN5","BottomLayer","157,4000mm","10,9000mm","180"
"RLN4","BottomLayer","129,6000mm","10,9000mm","0"
"RLN3","BottomLayer","101,8000mm","10,9000mm","0"
"RLN2","BottomLayer","74,0000mm","10,9000mm","0"
"RLN1","BottomLayer","46,2000mm","10,9000mm","0"
"RLD8","BottomLayer","240,8000mm","8,3000mm","180"
"RLD7","BottomLayer","213,0000mm","8,3000mm","180"
"RLD6","BottomLayer","185,2000mm","8,3000mm","180"
"RLD5","BottomLayer","157,4000mm","8,3000mm","180"
"RLD4","BottomLayer","129,6000mm","8,3000mm","0"
"RLD3","BottomLayer","101,8000mm","8,3000mm","0"
"RLD2","BottomLayer","74,0000mm","8,3000mm","0"
"RLD1","BottomLayer","46,2000mm","8,3000mm","0"
"LN8","BottomLayer","240,8000mm","13,1000mm","0"
"LN7","BottomLayer","213,0000mm","13,1000mm","0"
"LN6","BottomLayer","185,2000mm","13,1000mm","0"
"LN5","BottomLayer","157,4000mm","13,1000mm","0"
"LN4","BottomLayer","129,6000mm","13,1000mm","180"
"LN3","BottomLayer","101,8000mm","13,1000mm","180"
"LN2","BottomLayer","74,0000mm","13,1000mm","180"
"LN1","BottomLayer","46,2000mm","13,1000mm","180"
"LD8","BottomLayer","240,8000mm","6,1000mm","0"
"LD7","BottomLayer","213,0000mm","6,1000mm","0"
"LD6","BottomLayer","185,2000mm","6,1000mm","0"
"LD5","BottomLayer","157,4000mm","6,1000mm","0"
"LD4","BottomLayer","129,6000mm","6,1000mm","180"
"LD3","BottomLayer","101,8000mm","6,1000mm","180"
"LD2","BottomLayer","74,0000mm","6,1000mm","180"
"LD1","BottomLayer","46,2000mm","6,1000mm","180"
